Manhattan,Chevrolet Spark,Economy,73,Alamo,332 W 44th St. New York. NY 10036,8888266893
Manhattan,Nissan Versa,Compact,86,Alamo,332 W 44th St. New York. NY 10036,8888266893
Manhattan,Toyota Corolla,Midsize,69,Alamo,332 W 44th St. New York. NY 10036,8888266893
Manhattan,Ford Fusion,Fullsize,76,Alamo,332 W 44th St. New York. NY 10036,8888266893
Manhattan,Toyota Avalon,Premium,82,Alamo,332 W 44th St. New York. NY 10036,8888266893
Manhattan,Cadillac ATZ,Luxury,85,Alamo,332 W 44th St. New York. NY 10036,8888266893
Manhattan,Dodge Grand Caravan,Minivan,92,Alamo,332 W 44th St. New York. NY 10036,8888266893
Manhattan,Ford Mustang,Convertible,282,Alamo,332 W 44th St. New York. NY 10036,8888266893
Manhattan,Toyota Rav4,Midsize SUV,90,Alamo,332 W 44th St. New York. NY 10036,8888266893
Manhattan,Hyundai Santa Fe,Standard SUV,94,Alamo,332 W 44th St. New York. NY 10036,8888266893
Manhattan,Chevy Tahoe,Fullsize SUV,99,Alamo,332 W 44th St. New York. NY 10036,8888266893
Manhattan,Chevrolet Spark,Economy,73,Alamo,743 Broadway. New York. NY 10003,8888266893
Manhattan,Nissan Versa,Compact,86,Alamo,743 Broadway. New York. NY 10003,8888266893
Manhattan,Toyota Corolla,Midsize,69,Alamo,743 Broadway. New York. NY 10003,8888266893
Manhattan,Ford Fusion,Fullsize,76,Alamo,743 Broadway. New York. NY 10003,8888266893
Manhattan,Toyota Avalon,Premium,82,Alamo,743 Broadway. New York. NY 10003,8888266893
Manhattan,Cadillac ATZ,Luxury,85,Alamo,743 Broadway. New York. NY 10003,8888266893
Manhattan,Dodge Grand Caravan,Minivan,92,Alamo,743 Broadway. New York. NY 10003,8888266893
Manhattan,Ford Mustang,Convertible,282,Alamo,743 Broadway. New York. NY 10003,8888266893
Manhattan,Toyota Rav4,Midsize SUV,90,Alamo,743 Broadway. New York. NY 10003,8888266893
Manhattan,Hyundai Santa Fe,Standard SUV,94,Alamo,743 Broadway. New York. NY 10003,8888266893
Manhattan,Chevy Tahoe,Fullsize SUV,99,Alamo,743 Broadway. New York. NY 10003,8888266893
Queens,Chevrolet Spark,Economy,73,Alamo,9501 Ditmars Blvd. East Elmhurst.NY 11369,8447272711
Queens,Nissan Versa,Compact,86,Alamo,9501 Ditmars Blvd. East Elmhurst.NY 11369,8447272711
Queens,Toyota Corolla,Midsize,69,Alamo,9501 Ditmars Blvd. East Elmhurst.NY 11369,8447272711
Queens,Ford Fusion,Fullsize,76,Alamo,9501 Ditmars Blvd. East Elmhurst.NY 11369,8447272711
Queens,Toyota Avalon,Premium,82,Alamo,9501 Ditmars Blvd. East Elmhurst.NY 11369,8447272711
Queens,Cadillac ATZ,Luxury,85,Alamo,9501 Ditmars Blvd. East Elmhurst.NY 11369,8447272711
Queens,Dodge Grand Caravan,Minivan,92,Alamo,9501 Ditmars Blvd. East Elmhurst.NY 11369,8447272711
Queens,Ford Mustang,Convertible,282,Alamo,9501 Ditmars Blvd. East Elmhurst.NY 11369,8447272711
Queens,Toyota Rav4,Midsize SUV,90,Alamo,9501 Ditmars Blvd. East Elmhurst.NY 11369,8447272711
Queens,Hyundai Santa Fe,Standard SUV,94,Alamo,9501 Ditmars Blvd. East Elmhurst.NY 11369,8447272711
Queens,Chevy Tahoe,Fullsize SUV,99,Alamo,9501 Ditmars Blvd. East Elmhurst.NY 11369,8447272711
Brooklyn,Chevrolet Spark,Economy,73,Alamo,308 Federal Cir Bldg 308. Jamaica. NY 11430,8446481611
Brooklyn,Nissan Versa,Compact,86,Alamo,308 Federal Cir Bldg 308. Jamaica. NY 11430,8446481611
Brooklyn,Toyota Corolla,Midsize,69,Alamo,308 Federal Cir Bldg 308. Jamaica. NY 11430,8446481611
Brooklyn,Ford Fusion,Fullsize,76,Alamo,308 Federal Cir Bldg 308. Jamaica. NY 11430,8446481611
Brooklyn,Toyota Avalon,Premium,82,Alamo,308 Federal Cir Bldg 308. Jamaica. NY 11430,8446481611
Brooklyn,Cadillac ATZ,Luxury,85,Alamo,308 Federal Cir Bldg 308. Jamaica. NY 11430,8446481611
Brooklyn,Dodge Grand Caravan,Minivan,92,Alamo,308 Federal Cir Bldg 308. Jamaica. NY 11430,8446481611
Brooklyn,Ford Mustang,Convertible,282,Alamo,308 Federal Cir Bldg 308. Jamaica. NY 11430,8446481611
Brooklyn,Toyota Rav4,Midsize SUV,90,Alamo,308 Federal Cir Bldg 308. Jamaica. NY 11430,8446481611
Brooklyn,Hyundai Santa Fe,Standard SUV,94,Alamo,308 Federal Cir Bldg 308. Jamaica. NY 11430,8446481611
Brooklyn,Chevy Tahoe,Fullsize SUV,99,Alamo,308 Federal Cir Bldg 308. Jamaica. NY 11430,8446481611
Manhattan,Hyundai Accent,Economy,65,Avis,68 East 11th Street. New York. NY 10003,2125938396
Manhattan,Ford Focus,Compact,65,Avis,68 East 11th Street. New York. NY 10003,2125938396
Manhattan,Chevrolet Cruze,Midsize,66,Avis,68 East 11th Street. New York. NY 10003,2125938396
Manhattan,Chevrolet Impala,Fullsize,67,Avis,68 East 11th Street. New York. NY 10003,2125938396
Manhattan,Chrysler 300,Premium,80,Avis,68 East 11th Street. New York. NY 10003,2125938396
Manhattan,Lincoln MKS,Luxury,85,Avis,68 East 11th Street. New York. NY 10003,2125938396
Manhattan,Chrysler Town and Country,Minivan,90,Avis,68 East 11th Street. New York. NY 10003,2125938396
Manhattan,Ford Mustang,Convertible,366,Avis,68 East 11th Street. New York. NY 10003,2125938396
Manhattan,Ford Escape,Midsize SUV,72,Avis,68 East 11th Street. New York. NY 10003,2125938396
Manhattan,Ford Edge,Standard SUV,75,Avis,68 East 11th Street. New York. NY 10003,2125938396
Manhattan,Chevy Tahoe,Fullsize SUV,96,Avis,68 East 11th Street. New York. NY 10003,2125938396
Queens,Hyundai Accent,Economy,65,Avis,305 Federal Cir building 305. Jamaica. NY 11430,7182445400
Queens,Ford Focus,Compact,65,Avis,305 Federal Cir building 305. Jamaica. NY 11430,7182445400
Queens,Chevrolet Cruze,Midsize,66,Avis,305 Federal Cir building 305. Jamaica. NY 11430,7182445400
Queens,Chevrolet Impala,Fullsize,67,Avis,305 Federal Cir building 305. Jamaica. NY 11430,7182445400
Queens,Chrysler 300,Premium,80,Avis,305 Federal Cir building 305. Jamaica. NY 11430,7182445400
Queens,Lincoln MKS,Luxury,85,Avis,305 Federal Cir building 305. Jamaica. NY 11430,7182445400
Queens,Chrysler Town and Country,Minivan,90,Avis,305 Federal Cir building 305. Jamaica. NY 11430,7182445400
Queens,Ford Mustang,Convertible,366,Avis,305 Federal Cir building 305. Jamaica. NY 11430,7182445400
Queens,Ford Escape,Midsize SUV,72,Avis,305 Federal Cir building 305. Jamaica. NY 11430,7182445400
Queens,Ford Edge,Standard SUV,75,Avis,305 Federal Cir building 305. Jamaica. NY 11430,7182445400
Queens,Chevy Tahoe,Fullsize SUV,96,Avis,305 Federal Cir building 305. Jamaica. NY 11430,7182445400
Brooklyn,Hyundai Accent,Economy,65,Avis,25 Bowery Bay Blvd. Flushing. NY 11371,7185073608
Brooklyn,Ford Focus,Compact,65,Avis,25 Bowery Bay Blvd. Flushing. NY 11371,7185073608
Brooklyn,Chevrolet Cruze,Midsize,66,Avis,25 Bowery Bay Blvd. Flushing. NY 11371,7185073608
Brooklyn,Chevrolet Impala,Fullsize,67,Avis,25 Bowery Bay Blvd. Flushing. NY 11371,7185073608
Brooklyn,Chrysler 300,Premium,80,Avis,25 Bowery Bay Blvd. Flushing. NY 11371,7185073608
Brooklyn,Lincoln MKS,Luxury,85,Avis,25 Bowery Bay Blvd. Flushing. NY 11371,7185073608
Brooklyn,Chrysler Town and Country,Minivan,90,Avis,25 Bowery Bay Blvd. Flushing. NY 11371,7185073608
Brooklyn,Ford Mustang,Convertible,366,Avis,25 Bowery Bay Blvd. Flushing. NY 11371,7185073608
Brooklyn,Ford Escape,Midsize SUV,72,Avis,25 Bowery Bay Blvd. Flushing. NY 11371,7185073608
Brooklyn,Ford Edge,Standard SUV,75,Avis,25 Bowery Bay Blvd. Flushing. NY 11371,7185073608
Brooklyn,Chevy Tahoe,Fullsize SUV,96,Avis,25 Bowery Bay Blvd. Flushing. NY 11371,7185073608
The Bronx,Hyundai Accent,Economy,65,Avis,24 Station Plaza N New Rochelle. NY 10801,9145761316
The Bronx,Ford Focus,Compact,65,Avis,24 Station Plaza N New Rochelle. NY 10801,9145761316
The Bronx,Chevrolet Cruze,Midsize,66,Avis,24 Station Plaza N New Rochelle. NY 10801,9145761316
The Bronx,Chevrolet Impala,Fullsize,67,Avis,24 Station Plaza N New Rochelle. NY 10801,9145761316
The Bronx,Chrysler 300,Premium,80,Avis,24 Station Plaza N New Rochelle. NY 10801,9145761316
The Bronx,Lincoln MKS,Luxury,85,Avis,24 Station Plaza N New Rochelle. NY 10801,9145761316
The Bronx,Chrysler Town and Country,Minivan,90,Avis,24 Station Plaza N New Rochelle. NY 10801,9145761316
The Bronx,Ford Mustang,Convertible,366,Avis,24 Station Plaza N New Rochelle. NY 10801,9145761316
The Bronx,Ford Escape,Midsize SUV,72,Avis,24 Station Plaza N New Rochelle. NY 10801,9145761316
The Bronx,Ford Edge,Standard SUV,75,Avis,24 Station Plaza N New Rochelle. NY 10801,9145761316
The Bronx,Chevy Tahoe,Fullsize SUV,96,Avis,24 Station Plaza N New Rochelle. NY 10801,9145761316
Staten Island,Hyundai Accent,Economy,65,Avis,1120 South Ave Staten Island NY 10314,7186981470
Staten Island,Ford Focus,Compact,65,Avis,1120 South Ave Staten Island NY 10314,7186981470
Staten Island,Chevrolet Cruze,Midsize,66,Avis,1120 South Ave Staten Island NY 10314,7186981470
Staten Island,Chevrolet Impala,Fullsize,67,Avis,1120 South Ave Staten Island NY 10314,7186981470
Staten Island,Chrysler 300,Premium,80,Avis,1120 South Ave Staten Island NY 10314,7186981470
Staten Island,Lincoln MKS,Luxury,85,Avis,1120 South Ave Staten Island NY 10314,7186981470
Staten Island,Chrysler Town and Country,Minivan,90,Avis,1120 South Ave Staten Island NY 10314,7186981470
Staten Island,Ford Mustang,Convertible,366,Avis,1120 South Ave Staten Island NY 10314,7186981470
Staten Island,Ford Escape,Midsize SUV,72,Avis,1120 South Ave Staten Island NY 10314,7186981470
Staten Island,Ford Edge,Standard SUV,75,Avis,1120 South Ave Staten Island NY 10314,7186981470
Staten Island,Chevy Tahoe,Fullsize SUV,96,Avis,1120 South Ave Staten Island NY 10314,7186981470
Manhattan,Hyundai Accent,Economy,65,Budget,304 W 49th St. New York NY 10019,2123974375
Manhattan,Ford Focus,Compact,65,Budget,304 W 49th St. New York NY 10019,2123974375
Manhattan,Dodge Avenger,Midsize,66,Budget,304 W 49th St. New York NY 10019,2123974375
Manhattan,Chevrolet Impala,Fullsize,67,Budget,304 W 49th St. New York NY 10019,2123974375
Manhattan,Ford Taurus LTD,Premium,80,Budget,304 W 49th St. New York NY 10019,2123974375
Manhattan,Lincoln MKS,Luxury,85,Budget,304 W 49th St. New York NY 10019,2123974375
Manhattan,Chrysler Town and Country,Minivan,90,Budget,304 W 49th St. New York NY 10019,2123974375
Manhattan,Ford Mustang,Convertible,278,Budget,304 W 49th St. New York NY 10019,2123974375
Manhattan,Ford Escape,Midsize SUV,67,Budget,304 W 49th St. New York NY 10019,2123974375
Manhattan,Ford Edge,Standard SUV,70,Budget,304 W 49th St. New York NY 10019,2123974375
Manhattan,Chevy Tahoe,Fullsize SUV,90,Budget,304 W 49th St. New York NY 10019,2123974375
Queens,Hyundai Accent,Economy,65,Budget,88-08 23rd Avenue Laguardia Airport.East Elmhurst. NY 11369,7186396400
Queens,Ford Focus,Compact,65,Budget,88-08 23rd Avenue Laguardia Airport.East Elmhurst. NY 11369,7186396400
Queens,Dodge Avenger,Midsize,66,Budget,88-08 23rd Avenue Laguardia Airport.East Elmhurst. NY 11369,7186396400
Queens,Chevrolet Impala,Fullsize,67,Budget,88-08 23rd Avenue Laguardia Airport.East Elmhurst. NY 11369,7186396400
Queens,Ford Taurus LTD,Premium,80,Budget,88-08 23rd Avenue Laguardia Airport.East Elmhurst. NY 11369,7186396400
Queens,Lincoln MKS,Luxury,85,Budget,88-08 23rd Avenue Laguardia Airport.East Elmhurst. NY 11369,7186396400
Queens,Chrysler Town and Country,Minivan,90,Budget,88-08 23rd Avenue Laguardia Airport.East Elmhurst. NY 11369,7186396400
Queens,Ford Mustang,Convertible,278,Budget,88-08 23rd Avenue Laguardia Airport.East Elmhurst. NY 11369,7186396400
Queens,Ford Escape,Midsize SUV,67,Budget,88-08 23rd Avenue Laguardia Airport.East Elmhurst. NY 11369,7186396400
Queens,Ford Edge,Standard SUV,70,Budget,88-08 23rd Avenue Laguardia Airport.East Elmhurst. NY 11369,7186396400
Queens,Chevy Tahoe,Fullsize SUV,90,Budget,88-08 23rd Avenue Laguardia Airport.East Elmhurst. NY 11369,7186396400
Brooklyn,Hyundai Accent,Economy,65,Budget,Mariott Brooklyn Bridge333 Adams St. Brooklyn NY 11201,7182373190
Brooklyn,Ford Focus,Compact,65,Budget,Mariott Brooklyn Bridge333 Adams St. Brooklyn NY 11201,7182373190
Brooklyn,Dodge Avenger,Midsize,66,Budget,Mariott Brooklyn Bridge333 Adams St. Brooklyn NY 11201,7182373190
Brooklyn,Chevrolet Impala,Fullsize,67,Budget,Mariott Brooklyn Bridge333 Adams St. Brooklyn NY 11201,7182373190
Brooklyn,Ford Taurus LTD,Premium,80,Budget,Mariott Brooklyn Bridge333 Adams St. Brooklyn NY 11201,7182373190
Brooklyn,Lincoln MKS,Luxury,85,Budget,Mariott Brooklyn Bridge333 Adams St. Brooklyn NY 11201,7182373190
Brooklyn,Chrysler Town and Country,Minivan,90,Budget,Mariott Brooklyn Bridge333 Adams St. Brooklyn NY 11201,7182373190
Brooklyn,Ford Mustang,Convertible,278,Budget,Mariott Brooklyn Bridge333 Adams St. Brooklyn NY 11201,7182373190
Brooklyn,Ford Escape,Midsize SUV,67,Budget,Mariott Brooklyn Bridge333 Adams St. Brooklyn NY 11201,7182373190
Brooklyn,Ford Edge,Standard SUV,70,Budget,Mariott Brooklyn Bridge333 Adams St. Brooklyn NY 11201,7182373190
Brooklyn,Chevy Tahoe,Fullsize SUV,90,Budget,Mariott Brooklyn Bridge333 Adams St. Brooklyn NY 11201,7182373190
Staten Island,Hyundai Accent,Economy,65,Budget,1120 S Ave.The Hampton Inn. Staten Island NY 10314,7184775352
Staten Island,Ford Focus,Compact,65,Budget,1120 S Ave.The Hampton Inn. Staten Island NY 10314,7184775352
Staten Island,Dodge Avenger,Midsize,66,Budget,1120 S Ave.The Hampton Inn. Staten Island NY 10314,7184775352
Staten Island,Chevrolet Impala,Fullsize,67,Budget,1120 S Ave.The Hampton Inn. Staten Island NY 10314,7184775352
Staten Island,Ford Taurus LTD,Premium,80,Budget,1120 S Ave.The Hampton Inn. Staten Island NY 10314,7184775352
Staten Island,Lincoln MKS,Luxury,85,Budget,1120 S Ave.The Hampton Inn. Staten Island NY 10314,7184775352
Staten Island,Chrysler Town and Country,Minivan,90,Budget,1120 S Ave.The Hampton Inn. Staten Island NY 10314,7184775352
Staten Island,Ford Mustang,Convertible,278,Budget,1120 S Ave.The Hampton Inn. Staten Island NY 10314,7184775352
Staten Island,Ford Escape,Midsize SUV,67,Budget,1120 S Ave.The Hampton Inn. Staten Island NY 10314,7184775352
Staten Island,Ford Edge,Standard SUV,70,Budget,1120 S Ave.The Hampton Inn. Staten Island NY 10314,7184775352
Staten Island,Chevy Tahoe,Fullsize SUV,90,Budget,1120 S Ave.The Hampton Inn. Staten Island NY 10314,7184775352
The Bronx,Hyundai Accent,Economy,65,Budget,852 Scarsdale Ave Scarsdale  NY 10583,9147252194
The Bronx,Ford Focus,Compact,65,Budget,852 Scarsdale Ave Scarsdale  NY 10583,9147252194
The Bronx,Dodge Avenger,Midsize,66,Budget,852 Scarsdale Ave Scarsdale  NY 10583,9147252194
The Bronx,Chevrolet Impala,Fullsize,67,Budget,852 Scarsdale Ave Scarsdale  NY 10583,9147252194
The Bronx,Ford Taurus LTD,Premium,80,Budget,852 Scarsdale Ave Scarsdale  NY 10583,9147252194
The Bronx,Lincoln MKS,Luxury,85,Budget,852 Scarsdale Ave Scarsdale  NY 10583,9147252194
The Bronx,Chrysler Town and Country,Minivan,90,Budget,852 Scarsdale Ave Scarsdale  NY 10583,9147252194
The Bronx,Ford Mustang,Convertible,278,Budget,852 Scarsdale Ave Scarsdale  NY 10583,9147252194
The Bronx,Ford Escape,Midsize SUV,67,Budget,852 Scarsdale Ave Scarsdale  NY 10583,9147252194
The Bronx,Ford Edge,Standard SUV,70,Budget,852 Scarsdale Ave Scarsdale  NY 10583,9147252194
The Bronx,Chevy Tahoe,Fullsize SUV,90,Budget,852 Scarsdale Ave Scarsdale  NY 10583,9147252194
Manhattan,Chevrolet Aveo,Economy,51,Dollar,99 Charles St. New York NY 10014,8664342226
Manhattan,Ford Focus,Compact,51,Dollar,99 Charles St. New York NY 10014,8664342226
Manhattan,Dodge Avenger,Midsize,52,Dollar,99 Charles St. New York NY 10014,8664342226
Manhattan,Ford Taurus,Fullsize,56,Dollar,99 Charles St. New York NY 10014,8664342226
Manhattan,Ford Crown Victoria,Premium,71,Dollar,99 Charles St. New York NY 10014,8664342226
Manhattan,Buick LaCrosse,Luxury,99,Dollar,99 Charles St. New York NY 10014,8664342226
Manhattan,Chrysler Town and Country,Minivan,75,Dollar,99 Charles St. New York NY 10014,8664342226
Manhattan,Ford Mustang,Convertible,300,Dollar,99 Charles St. New York NY 10014,8664342226
Manhattan,Toyota Rav4,Midsize SUV,65,Dollar,99 Charles St. New York NY 10014,8664342226
Manhattan,Hyundai Santa Fe,Standard SUV,64,Dollar,99 Charles St. New York NY 10014,8664342226
Manhattan,Nissan Armada,Fullsize SUV,88,Dollar,99 Charles St. New York NY 10014,8664342226
Queens,Chevrolet Aveo,Economy,51,Dollar,45-01 20th Ave. Astoria NY 11105,8664342226
Queens,Ford Focus,Compact,51,Dollar,45-01 20th Ave. Astoria NY 11105,8664342226
Queens,Dodge Avenger,Midsize,52,Dollar,45-01 20th Ave. Astoria NY 11105,8664342226
Queens,Ford Taurus,Fullsize,56,Dollar,45-01 20th Ave. Astoria NY 11105,8664342226
Queens,Ford Crown Victoria,Premium,71,Dollar,45-01 20th Ave. Astoria NY 11105,8664342226
Queens,Buick LaCrosse,Luxury,99,Dollar,45-01 20th Ave. Astoria NY 11105,8664342226
Queens,Chrysler Town and Country,Minivan,75,Dollar,45-01 20th Ave. Astoria NY 11105,8664342226
Queens,Ford Mustang,Convertible,300,Dollar,45-01 20th Ave. Astoria NY 11105,8664342226
Queens,Toyota Rav4,Midsize SUV,65,Dollar,45-01 20th Ave. Astoria NY 11105,8664342226
Queens,Hyundai Santa Fe,Standard SUV,64,Dollar,45-01 20th Ave. Astoria NY 11105,8664342226
Queens,Nissan Armada,Fullsize SUV,88,Dollar,45-01 20th Ave. Astoria NY 11105,8664342226
Brooklyn,Chevrolet Aveo,Economy,51,Dollar,3711 18th Ave. Brooklyn NY 11218,7188599600
Brooklyn,Ford Focus,Compact,51,Dollar,3711 18th Ave. Brooklyn NY 11218,7188599600
Brooklyn,Dodge Avenger,Midsize,52,Dollar,3711 18th Ave. Brooklyn NY 11218,7188599600
Brooklyn,Ford Taurus,Fullsize,56,Dollar,3711 18th Ave. Brooklyn NY 11218,7188599600
Brooklyn,Ford Crown Victoria,Premium,71,Dollar,3711 18th Ave. Brooklyn NY 11218,7188599600
Brooklyn,Buick LaCrosse,Luxury,99,Dollar,3711 18th Ave. Brooklyn NY 11218,7188599600
Brooklyn,Chrysler Town and Country,Minivan,75,Dollar,3711 18th Ave. Brooklyn NY 11218,7188599600
Brooklyn,Ford Mustang,Convertible,300,Dollar,3711 18th Ave. Brooklyn NY 11218,7188599600
Brooklyn,Toyota Rav4,Midsize SUV,65,Dollar,3711 18th Ave. Brooklyn NY 11218,7188599600
Brooklyn,Hyundai Santa Fe,Standard SUV,64,Dollar,3711 18th Ave. Brooklyn NY 11218,7188599600
Brooklyn,Nissan Armada,Fullsize SUV,88,Dollar,3711 18th Ave. Brooklyn NY 11218,7188599600
Staten Island,Chevrolet Aveo,Economy,51,Dollar,3 Brewster Rd. Newark NJ 07114,8664342226
Staten Island,Ford Focus,Compact,51,Dollar,3 Brewster Rd. Newark NJ 07114,8664342226
Staten Island,Dodge Avenger,Midsize,52,Dollar,3 Brewster Rd. Newark NJ 07114,8664342226
Staten Island,Ford Taurus,Fullsize,56,Dollar,3 Brewster Rd. Newark NJ 07114,8664342226
Staten Island,Ford Crown Victoria,Premium,71,Dollar,3 Brewster Rd. Newark NJ 07114,8664342226
Staten Island,Buick LaCrosse,Luxury,99,Dollar,3 Brewster Rd. Newark NJ 07114,8664342226
Staten Island,Chrysler Town and Country,Minivan,75,Dollar,3 Brewster Rd. Newark NJ 07114,8664342226
Staten Island,Ford Mustang,Convertible,300,Dollar,3 Brewster Rd. Newark NJ 07114,8664342226
Staten Island,Toyota Rav4,Midsize SUV,65,Dollar,3 Brewster Rd. Newark NJ 07114,8664342226
Staten Island,Hyundai Santa Fe,Standard SUV,64,Dollar,3 Brewster Rd. Newark NJ 07114,8664342226
Staten Island,Nissan Armada,Fullsize SUV,88,Dollar,3 Brewster Rd. Newark NJ 07114,8664342226
Manhattan,Chevrolet Aveo,Economy,55,Hertz,310 E 48th St 1st Floor. New York NY 10017,2124865060
Manhattan,Chevrolet Cobalt,Compact,55,Hertz,310 E 48th St 1st Floor. New York NY 10017,2124865060
Manhattan,Nissan Sentra,Midsize,57,Hertz,310 E 48th St 1st Floor. New York NY 10017,2124865060
Manhattan,Chevrolet Impala,Fullsize,61,Hertz,310 E 48th St 1st Floor. New York NY 10017,2124865060
Manhattan,Mercury Grand Marquis,Premium,68,Hertz,310 E 48th St 1st Floor. New York NY 10017,2124865060
Manhattan,Cadillac STS,Luxury,128,Hertz,310 E 48th St 1st Floor. New York NY 10017,2124865060
Manhattan,Kia Sedona,Minivan,73,Hertz,310 E 48th St 1st Floor. New York NY 10017,2124865060
Manhattan,Ford Mustang,Convertible,245,Hertz,310 E 48th St 1st Floor. New York NY 10017,2124865060
Manhattan,Toyota Rav4,Midsize SUV,85,Hertz,310 E 48th St 1st Floor. New York NY 10017,2124865060
Manhattan,Chevrolet Equinox,Standard SUV,105,Hertz,310 E 48th St 1st Floor. New York NY 10017,2124865060
Manhattan,Chevrolet Tahoe,Fullsize SUV,119,Hertz,310 E 48th St 1st Floor. New York NY 10017,2124865060
Queens,Chevrolet Aveo,Economy,55,Hertz,BUILDING 318.New York  NY 11430,7186567600
Queens,Chevrolet Cobalt,Compact,55,Hertz,BUILDING 318.New York  NY 11430,7186567600
Queens,Nissan Sentra,Midsize,57,Hertz,BUILDING 318.New York  NY 11430,7186567600
Queens,Chevrolet Impala,Fullsize,61,Hertz,BUILDING 318.New York  NY 11430,7186567600
Queens,Mercury Grand Marquis,Premium,68,Hertz,BUILDING 318.New York  NY 11430,7186567600
Queens,Cadillac STS,Luxury,128,Hertz,BUILDING 318.New York  NY 11430,7186567600
Queens,Kia Sedona,Minivan,73,Hertz,BUILDING 318.New York  NY 11430,7186567600
Queens,Ford Mustang,Convertible,245,Hertz,BUILDING 318.New York  NY 11430,7186567600
Queens,Toyota Rav4,Midsize SUV,85,Hertz,BUILDING 318.New York  NY 11430,7186567600
Queens,Chevrolet Equinox,Standard SUV,105,Hertz,BUILDING 318.New York  NY 11430,7186567600
Queens,Chevrolet Tahoe,Fullsize SUV,119,Hertz,BUILDING 318.New York  NY 11430,7186567600
Brooklyn,Chevrolet Aveo,Economy,55,Hertz,906 Union St. Brooklyn  NY 11215,7186366302
Brooklyn,Chevrolet Cobalt,Compact,55,Hertz,906 Union St. Brooklyn  NY 11215,7186366302
Brooklyn,Nissan Sentra,Midsize,57,Hertz,906 Union St. Brooklyn  NY 11215,7186366302
Brooklyn,Chevrolet Impala,Fullsize,61,Hertz,906 Union St. Brooklyn  NY 11215,7186366302
Brooklyn,Mercury Grand Marquis,Premium,68,Hertz,906 Union St. Brooklyn  NY 11215,7186366302
Brooklyn,Cadillac STS,Luxury,128,Hertz,906 Union St. Brooklyn  NY 11215,7186366302
Brooklyn,Kia Sedona,Minivan,73,Hertz,906 Union St. Brooklyn  NY 11215,7186366302
Brooklyn,Ford Mustang,Convertible,245,Hertz,906 Union St. Brooklyn  NY 11215,7186366302
Brooklyn,Toyota Rav4,Midsize SUV,85,Hertz,906 Union St. Brooklyn  NY 11215,7186366302
Brooklyn,Chevrolet Equinox,Standard SUV,105,Hertz,906 Union St. Brooklyn  NY 11215,7186366302
Brooklyn,Chevrolet Tahoe,Fullsize SUV,119,Hertz,906 Union St. Brooklyn  NY 11215,7186366302
Staten Island,Chevrolet Aveo,Economy,55,Hertz,543 Cary Ave. Staten Island NY 10310,7184423059
Staten Island,Chevrolet Cobalt,Compact,55,Hertz,543 Cary Ave. Staten Island NY 10310,7184423059
Staten Island,Nissan Sentra,Midsize,57,Hertz,543 Cary Ave. Staten Island NY 10310,7184423059
Staten Island,Chevrolet Impala,Fullsize,61,Hertz,543 Cary Ave. Staten Island NY 10310,7184423059
Staten Island,Mercury Grand Marquis,Premium,68,Hertz,543 Cary Ave. Staten Island NY 10310,7184423059
Staten Island,Cadillac STS,Luxury,128,Hertz,543 Cary Ave. Staten Island NY 10310,7184423059
Staten Island,Kia Sedona,Minivan,73,Hertz,543 Cary Ave. Staten Island NY 10310,7184423059
Staten Island,Ford Mustang,Convertible,245,Hertz,543 Cary Ave. Staten Island NY 10310,7184423059
Staten Island,Toyota Rav4,Midsize SUV,85,Hertz,543 Cary Ave. Staten Island NY 10310,7184423059
Staten Island,Chevrolet Equinox,Standard SUV,105,Hertz,543 Cary Ave. Staten Island NY 10310,7184423059
Staten Island,Chevrolet Tahoe,Fullsize SUV,119,Hertz,543 Cary Ave. Staten Island NY 10310,7184423059
Manhattan,Chevrolet Spark,Economy,109,National,332 W 44th St. New York NY 10036,8447272983
Manhattan,Toyota Yaris,Compact,110,National,332 W 44th St. New York NY 10036,2125755400
Manhattan,Nissan Sentra,Midsize,116,National,332 W 44th St. New York NY 10036,2125755400
Manhattan,Ford Fusion,Fullsize,122,National,332 W 44th St. New York NY 10036,2125755400
Manhattan,Toyota Avalon,Premium,150,National,332 W 44th St. New York NY 10036,2125755400
Manhattan,Cadillac ATZ,Luxury,155,National,332 W 44th St. New York NY 10036,2125755400
Manhattan,Dodge Grand Caravan,Minivan,120,National,332 W 44th St. New York NY 10036,2125755400
Manhattan,Chrysler 200,Convertible,300,National,332 W 44th St. New York NY 10036,2125755400
Manhattan,Toyota Rav4,Midsize SUV,134,National,332 W 44th St. New York NY 10036,2125755400
Manhattan,Hyundai Santa Fe,Standard SUV,134,National,332 W 44th St. New York NY 10036,2125755400
Manhattan,Chevrolet Tahoe,Fullsize SUV,135,National,332 W 44th St. New York NY 10036,2125755400
Brooklyn,Chevrolet Spark,Economy,109,National,239 State St. Brooklyn  NY 11201,3477631902
Brooklyn,Toyota Yaris,Compact,110,National,239 State St. Brooklyn  NY 11201,3477631902
Brooklyn,Nissan Sentra,Midsize,116,National,239 State St. Brooklyn  NY 11201,3477631902
Brooklyn,Ford Fusion,Fullsize,122,National,239 State St. Brooklyn  NY 11201,3477631902
Brooklyn,Toyota Avalon,Premium,150,National,239 State St. Brooklyn  NY 11201,3477631902
Brooklyn,Cadillac ATZ,Luxury,155,National,239 State St. Brooklyn  NY 11201,3477631902
Brooklyn,Dodge Grand Caravan,Minivan,120,National,239 State St. Brooklyn  NY 11201,3477631902
Brooklyn,Chrysler 200,Convertible,300,National,239 State St. Brooklyn  NY 11201,3477631902
Brooklyn,Toyota Rav4,Midsize SUV,134,National,239 State St. Brooklyn  NY 11201,3477631902
Brooklyn,Hyundai Santa Fe,Standard SUV,134,National,239 State St. Brooklyn  NY 11201,3477631902
Brooklyn,Chevrolet Tahoe,Fullsize SUV,135,National,239 State St. Brooklyn  NY 11201,3477631902
Queens,Chevrolet Spark,Economy,109,National,308 Federal Cir Bldg 308. Jamaica NY 11430,8446481610
Queens,Toyota Yaris,Compact,110,National,308 Federal Cir Bldg 308. Jamaica NY 11430,8446481610
Queens,Nissan Sentra,Midsize,116,National,308 Federal Cir Bldg 308. Jamaica NY 11430,8446481610
Queens,Ford Fusion,Fullsize,122,National,308 Federal Cir Bldg 308. Jamaica NY 11430,8446481610
Queens,Toyota Avalon,Premium,150,National,308 Federal Cir Bldg 308. Jamaica NY 11430,8446481610
Queens,Cadillac ATZ,Luxury,155,National,308 Federal Cir Bldg 308. Jamaica NY 11430,8446481610
Queens,Dodge Grand Caravan,Minivan,120,National,308 Federal Cir Bldg 308. Jamaica NY 11430,8446481610
Queens,Chrysler 200,Convertible,300,National,308 Federal Cir Bldg 308. Jamaica NY 11430,8446481610
Queens,Toyota Rav4,Midsize SUV,134,National,308 Federal Cir Bldg 308. Jamaica NY 11430,8446481610
Queens,Hyundai Santa Fe,Standard SUV,134,National,308 Federal Cir Bldg 308. Jamaica NY 11430,8446481610
Queens,Chevrolet Tahoe,Fullsize SUV,135,National,308 Federal Cir Bldg 308. Jamaica NY 11430,8446481610
Staten Island,Chevrolet Spark,Economy,109,National,25 Newark Airport Bldg 25. Newark NJ 07114,8447272983
Staten Island,Toyota Yaris,Compact,110,National,25 Newark Airport Bldg 25. Newark NJ 07114,8447272983
Staten Island,Nissan Sentra,Midsize,116,National,25 Newark Airport Bldg 25. Newark NJ 07114,8447272983
Staten Island,Ford Fusion,Fullsize,122,National,25 Newark Airport Bldg 25. Newark NJ 07114,8447272983
Staten Island,Toyota Avalon,Premium,150,National,25 Newark Airport Bldg 25. Newark NJ 07114,8447272983
Staten Island,Cadillac ATZ,Luxury,155,National,25 Newark Airport Bldg 25. Newark NJ 07114,8447272983
Staten Island,Dodge Grand Caravan,Minivan,120,National,25 Newark Airport Bldg 25. Newark NJ 07114,8447272983
Staten Island,Chrysler 200,Convertible,300,National,25 Newark Airport Bldg 25. Newark NJ 07114,8447272983
Staten Island,Toyota Rav4,Midsize SUV,134,National,25 Newark Airport Bldg 25. Newark NJ 07114,8447272983
Staten Island,Hyundai Santa Fe,Standard SUV,134,National,25 Newark Airport Bldg 25. Newark NJ 07114,8447272983
Staten Island,Chevrolet Tahoe,Fullsize SUV,135,National,25 Newark Airport Bldg 25. Newark NJ 07114,8447272983
The Bronx,Chevrolet Spark,Economy,109,National,250 Main St. White Plains NY 10601,9143283093
The Bronx,Toyota Yaris,Compact,110,National,250 Main St. White Plains NY 10601,9143283093
The Bronx,Nissan Sentra,Midsize,116,National,250 Main St. White Plains NY 10601,9143283093
The Bronx,Ford Fusion,Fullsize,122,National,250 Main St. White Plains NY 10601,9143283093
The Bronx,Toyota Avalon,Premium,150,National,250 Main St. White Plains NY 10601,9143283093
The Bronx,Cadillac ATZ,Luxury,155,National,250 Main St. White Plains NY 10601,9143283093
The Bronx,Dodge Grand Caravan,Minivan,120,National,250 Main St. White Plains NY 10601,9143283093
The Bronx,Chrysler 200,Convertible,300,National,250 Main St. White Plains NY 10601,9143283093
The Bronx,Toyota Rav4,Midsize SUV,134,National,250 Main St. White Plains NY 10601,9143283093
The Bronx,Hyundai Santa Fe,Standard SUV,134,National,250 Main St. White Plains NY 10601,9143283093
The Bronx,Chevrolet Tahoe,Fullsize SUV,135,National,250 Main St. White Plains NY 10601,9143283093
